,Unnamed: 0,smoothness_mean,compactness_mean,symmetry_mean,fractal_dimension_mean,texture_se,area_se,smoothness_se,compactness_se,concavity_se,concave points_se,symmetry_se,fractal_dimension_se,texture_worst,area_worst,smoothness_worst,compactness_worst,concavity_worst,concave points_worst,symmetry_worst,fractal_dimension_worst
349,349,0.1158,0.1206,0.2459,0.06581,1.05,26.65,0.0058,0.02417,0.007816,0.01052,0.02734,0.003114,17.72,496.2,0.1293,0.1885,0.03122,0.04766,0.3124,0.0759
54,54,0.09056,0.07081,0.1616,0.05684,0.8339,29.91,0.004675,0.0103,0.01603,0.009222,0.01095,0.001629,31.69,1030.0,0.1389,0.2057,0.2712,0.153,0.2675,0.07873
83,83,0.1215,0.1791,0.1634,0.07224,2.91,67.1,0.007545,0.0605,0.02134,0.01843,0.03056,0.01039,32.72,1298.0,0.1392,0.2817,0.2432,0.1841,0.2311,0.09203
406,406,0.09495,0.08501,0.1735,0.05875,0.6372,21.83,0.003958,0.01246,0.01831,0.008747,0.015,0.001621,19.58,947.9,0.1206,0.1722,0.231,0.1129,0.2778,0.07012
17,17,0.117,0.2022,0.2164,0.07356,1.073,54.18,0.007026,0.02501,0.03188,0.01297,0.01689,0.004142,31.48,1315.0,0.1789,0.4233,0.4784,0.2073,0.3706,0.1142
560,560,0.09929,0.1126,0.1537,0.06171,1.492,29.84,0.007256,0.02678,0.02071,0.01626,0.0208,0.005304,33.17,706.7,0.1241,0.2264,0.1326,0.1048,0.225,0.08321
356,356,0.1082,0.1304,0.2035,0.06501,1.51,21.57,0.007807,0.03932,0.05112,0.01876,0.0286,0.005715,24.85,591.2,0.1343,0.2658,0.2573,0.1258,0.3113,0.08317
332,332,0.1054,0.06779,0.194,0.06028,1.966,19.62,0.01289,0.01104,0.003297,0.004967,0.04243,0.001963,25.78,436.1,0.1424,0.09669,0.01335,0.02022,0.3292,0.06522
347,347,0.08875,0.0778,0.1521,0.05912,0.3981,29.06,0.004732,0.01506,0.01855,0.01067,0.02163,0.002783,17.93,880.8,0.122,0.2009,0.2151,0.1251,0.3109,0.08187
151,151,0.09405,0.1305,0.2222,0.08261,1.962,10.21,0.01243,0.05416,0.07753,0.01022,0.02309,0.01178,29.72,249.8,0.163,0.431,0.5381,0.07879,0.3322,0.1486
557,557,0.08123,0.04971,0.1742,0.06059,2.927,29.11,0.01159,0.01124,0.0,0.0,0.03004,0.003324,34.24,330.6,0.1073,0.07158,0.0,0.0,0.2475,0.06969
9,9,0.1186,0.2396,0.203,0.08243,1.599,23.94,0.007149,0.07217,0.07743,0.01432,0.01789,0.01008,40.68,711.4,0.1853,1.058,1.105,0.221,0.4366,0.2075
329,329,0.1165,0.1283,0.1869,0.06532,1.457,57.72,0.01056,0.03756,0.05839,0.01186,0.04022,0.006187,25.21,975.2,0.1426,0.2116,0.3344,0.1047,0.2736,0.07953
237,237,0.08355,0.08348,0.1467,0.05177,1.041,83.5,0.007959,0.03133,0.04257,0.01671,0.01341,0.003933,26.17,1750.0,0.1228,0.2311,0.3158,0.1445,0.2238,0.07127
466,466,0.08675,0.1089,0.1562,0.0602,0.7884,27.4,0.007295,0.03179,0.04615,0.01254,0.01561,0.00323,25.46,689.1,0.1351,0.3549,0.4504,0.1181,0.2563,0.08174
517,517,0.1037,0.131,0.1802,0.06188,0.8737,59.7,0.005089,0.02303,0.03052,0.01178,0.01057,0.003391,25.23,1646.0,0.1417,0.3309,0.4185,0.1613,0.2549,0.09136
491,491,0.07838,0.06217,0.122,0.05243,1.046,50.95,0.004369,0.008274,0.01153,0.007437,0.01302,0.001309,18.42,1210.0,0.09862,0.09976,0.1048,0.08341,0.1783,0.05871
112,112,0.07837,0.2233,0.1704,0.07769,1.49,29.25,0.005298,0.07446,0.1435,0.02292,0.02566,0.01298,23.73,709.0,0.08949,0.4193,0.6783,0.1505,0.2398,0.1082
160,160,0.1089,0.1141,0.1993,0.06453,1.693,38.34,0.009433,0.02405,0.04167,0.01152,0.03397,0.005061,26.21,543.9,0.1358,0.1892,0.1956,0.07909,0.3168,0.07987
318,318,0.09968,0.1972,0.233,0.08743,1.911,24.2,0.009845,0.0659,0.1027,0.02527,0.03491,0.007877,23.4,297.1,0.1221,0.3748,0.4609,0.1145,0.3135,0.1055
333,333,0.08306,0.04458,0.1773,0.06081,0.9961,15.07,0.005617,0.007124,0.0009737,0.002941,0.017,0.00203,22.06,492.7,0.1166,0.09794,0.005518,0.01667,0.2815,0.07418
1,1,0.08474,0.07864,0.1812,0.05667,0.7339,74.08,0.005225,0.01308,0.0186,0.0134,0.01389,0.003532,23.41,1956.0,0.1238,0.1866,0.2416,0.186,0.275,0.08902
455,455,0.09245,0.07426,0.1375,0.06016,1.924,28.93,0.005841,0.01246,0.007936,0.009128,0.01564,0.002985,41.61,705.6,0.1172,0.1421,0.07003,0.07763,0.2196,0.07675
389,389,0.101,0.1318,0.1989,0.05884,2.836,70.1,0.01124,0.04097,0.07469,0.03441,0.02768,0.00624,30.44,1313.0,0.1251,0.2414,0.3829,0.1825,0.2576,0.07602
45,45,0.1099,0.1686,0.1907,0.06049,0.6633,71.56,0.006294,0.03994,0.05554,0.01695,0.02428,0.003535,21.32,1567.0,0.1679,0.509,0.7345,0.2378,0.3799,0.09185
231,231,0.06883,0.03813,0.1869,0.05628,0.8927,8.605,0.003653,0.01647,0.01633,0.003125,0.01537,0.002052,33.75,452.3,0.09203,0.1432,0.1089,0.02083,0.2849,0.07087
142,142,0.1092,0.09486,0.1645,0.06562,1.908,21.38,0.006664,0.01735,0.01158,0.00952,0.02282,0.003526,26.76,503.0,0.1413,0.1792,0.07708,0.06402,0.2584,0.08096
162,162,0.112,0.1666,0.2027,0.06082,1.048,97.07,0.004057,0.02277,0.04029,0.01303,0.01686,0.003318,26.39,2232.0,0.1438,0.3846,0.681,0.2247,0.3643,0.09223
216,216,0.09363,0.1154,0.1967,0.06314,1.563,21.46,0.008872,0.04192,0.05946,0.01785,0.02793,0.004775,27.1,531.2,0.1405,0.3046,0.2806,0.1138,0.3397,0.08365
456,456,0.09357,0.08574,0.1799,0.06166,2.426,23.13,0.009861,0.02418,0.04275,0.009215,0.02475,0.002128,38.81,527.8,0.1406,0.2031,0.2923,0.06835,0.2884,0.0722
210,210,0.0909,0.1348,0.1765,0.05024,1.48,111.7,0.008124,0.03611,0.05489,0.02765,0.03176,0.002365,27.84,1656.0,0.1178,0.292,0.3861,0.192,0.2909,0.05865
204,204,0.09965,0.1058,0.1925,0.06373,1.044,30.29,0.006953,0.01911,0.02701,0.01037,0.01782,0.003586,24.64,677.9,0.1426,0.2378,0.2671,0.1015,0.3014,0.0875
109,109,0.08759,0.06575,0.1487,0.06529,0.9861,16.41,0.009113,0.01557,0.02443,0.006435,0.01568,0.002477,29.15,518.1,0.1699,0.2196,0.312,0.08278,0.2829,0.08832
538,538,0.08098,0.04878,0.187,0.07285,1.462,19.14,0.01266,0.009692,0.0,0.0,0.02882,0.006872,30.92,248.0,0.1256,0.0834,0.0,0.0,0.3058,0.09938
269,269,0.1082,0.1289,0.1668,0.06862,1.489,20.74,0.008902,0.04785,0.07339,0.01745,0.02728,0.00761,25.21,410.4,0.1335,0.255,0.2534,0.086,0.2605,0.08701
492,492,0.1001,0.1289,0.2116,0.06077,1.288,89.74,0.007997,0.027,0.03737,0.01648,0.02897,0.003996,26.06,1426.0,0.1309,0.2327,0.2544,0.1489,0.3251,0.07625
438,438,0.08684,0.0633,0.1555,0.05673,1.678,29.63,0.005836,0.01095,0.005812,0.007039,0.02014,0.002326,28.01,749.1,0.1118,0.1141,0.04753,0.0589,0.2513,0.06911
295,295,0.09198,0.06221,0.1592,0.05912,0.6946,17.74,0.004348,0.008153,0.004272,0.006829,0.02154,0.001802,16.93,661.1,0.117,0.1072,0.03732,0.05802,0.2823,0.06794
434,434,0.08924,0.07074,0.1573,0.05703,0.6683,23.92,0.005756,0.01665,0.01461,0.008281,0.01551,0.002168,20.54,777.5,0.1218,0.155,0.122,0.07971,0.2525,0.06827
398,398,0.07741,0.04768,0.1535,0.06214,0.6881,12.98,0.004259,0.01469,0.0194,0.004168,0.01191,0.003537,20.35,496.7,0.112,0.1879,0.2079,0.05556,0.259,0.09158
286,286,0.08605,0.1011,0.1588,0.06766,1.39,21.91,0.006719,0.05156,0.04387,0.01633,0.01872,0.008015,27.29,546.1,0.1116,0.2813,0.2365,0.1155,0.2465,0.09981
261,261,0.08662,0.0629,0.1564,0.05307,1.317,44.41,0.005726,0.01106,0.01246,0.007671,0.01411,0.001578,31.47,1218.0,0.124,0.1486,0.1211,0.08235,0.2452,0.06515
393,393,0.1167,0.2087,0.2162,0.06606,0.9209,80.99,0.005215,0.03726,0.04718,0.01288,0.02045,0.004028,28.74,2081.0,0.1502,0.5717,0.7053,0.2422,0.3828,0.1007
38,38,0.09387,0.05131,0.1565,0.05504,2.188,106.0,0.006883,0.01094,0.01818,0.01917,0.007882,0.001754,25.2,698.8,0.09387,0.05131,0.02398,0.02899,0.1565,0.05504
303,303,0.1068,0.06678,0.1482,0.066,1.563,10.08,0.008875,0.009362,0.01808,0.009199,0.01791,0.003317,24.54,375.4,0.1413,0.1044,0.08423,0.06528,0.2213,0.07842
41,41,0.1227,0.1218,0.1895,0.0687,1.428,16.97,0.008064,0.01764,0.02595,0.01037,0.01357,0.00304,35.34,514.0,0.1909,0.2698,0.4023,0.1424,0.2964,0.09606
197,197,0.07371,0.08642,0.177,0.0534,1.305,76.36,0.00553,0.05296,0.0611,0.01444,0.0214,0.005036,24.7,1228.0,0.08822,0.1963,0.2535,0.09181,0.2369,0.06558
156,156,0.1115,0.1665,0.1971,0.06166,1.4,93.91,0.009037,0.04954,0.05206,0.01841,0.01778,0.004968,25.11,1302.0,0.1418,0.3498,0.3583,0.1515,0.2463,0.07738
339,339,0.1069,0.1283,0.1797,0.05506,0.9245,164.1,0.006292,0.01971,0.03582,0.01301,0.01479,0.003118,30.73,2906.0,0.1515,0.2678,0.4819,0.2089,0.2593,0.07738
539,539,0.08668,0.1199,0.2037,0.07751,1.479,11.73,0.01547,0.06457,0.09252,0.01364,0.02105,0.007551,31.89,223.6,0.1596,0.3064,0.3393,0.05,0.279,0.1066
359,359,0.1009,0.05956,0.1506,0.06959,1.247,30.48,0.006836,0.008982,0.02348,0.006565,0.01942,0.002713,25.02,439.6,0.1333,0.1049,0.1144,0.05052,0.2454,0.08136
453,453,0.1099,0.09242,0.165,0.06121,0.7213,25.7,0.006133,0.01251,0.01615,0.01136,0.02207,0.003563,16.93,749.9,0.1347,0.1478,0.1373,0.1069,0.2606,0.0781
62,62,0.1049,0.2008,0.1949,0.07292,1.268,60.78,0.009407,0.07056,0.06899,0.01848,0.017,0.006113,29.51,959.5,0.164,0.6247,0.6922,0.1785,0.2844,0.1132
449,449,0.09684,0.1175,0.1554,0.05661,1.361,81.89,0.005467,0.02075,0.03185,0.01466,0.01029,0.002205,32.07,2022.0,0.1368,0.3101,0.4399,0.228,0.2268,0.07425
2,2,0.1096,0.1599,0.2069,0.05999,0.7869,94.03,0.00615,0.04006,0.03832,0.02058,0.0225,0.004571,25.53,1709.0,0.1444,0.4245,0.4504,0.243,0.3613,0.08758
306,306,0.08511,0.05251,0.1632,0.05894,0.5735,15.5,0.003632,0.007861,0.001128,0.002386,0.01344,0.002585,20.45,636.9,0.1128,0.1346,0.0112,0.025,0.2651,0.08385
260,260,0.1,0.1088,0.1814,0.05572,1.033,52.34,0.005043,0.01578,0.02117,0.008185,0.01282,0.001892,39.16,1844.0,0.1522,0.2945,0.3788,0.1697,0.3151,0.07999
220,220,0.09646,0.08711,0.136,0.06344,0.4336,17.4,0.004133,0.01695,0.01652,0.006659,0.01371,0.002735,16.35,706.2,0.1311,0.2474,0.1759,0.08056,0.238,0.08718
16,16,0.09867,0.072,0.1586,0.05922,1.24,45.4,0.005718,0.01162,0.01998,0.01109,0.0141,0.002085,30.88,1138.0,0.1464,0.1871,0.2914,0.1609,0.3029,0.08216
367,367,0.09231,0.07175,0.1695,0.05916,0.7786,18.57,0.005833,0.01388,0.02,0.007087,0.01938,0.00196,24.04,624.6,0.1368,0.217,0.2413,0.08829,0.3218,0.0747
496,496,0.1076,0.1334,0.1641,0.06854,0.6332,18.4,0.005704,0.02502,0.02636,0.01032,0.01759,0.003563,22.15,633.7,0.1533,0.3842,0.3582,0.1407,0.323,0.1033
95,95,0.09078,0.1313,0.2095,0.05649,1.509,87.87,0.006016,0.03482,0.04232,0.01269,0.02657,0.004411,31.59,1750.0,0.119,0.3539,0.4098,0.1573,0.3689,0.08368
258,258,0.1109,0.3114,0.2495,0.08104,2.454,138.5,0.01236,0.05995,0.08232,0.03024,0.02337,0.006042,31.64,1226.0,0.1504,0.5172,0.6181,0.2462,0.3277,0.1019
11,11,0.0971,0.1292,0.1842,0.06082,0.9849,54.16,0.005771,0.04061,0.02791,0.01282,0.02008,0.004144,27.28,1299.0,0.1396,0.5609,0.3965,0.181,0.3792,0.1048
488,488,0.1128,0.09263,0.1853,0.06401,1.154,27.57,0.008998,0.01292,0.01851,0.01167,0.02152,0.003213,21.59,549.8,0.1526,0.1477,0.149,0.09815,0.2804,0.08024
537,537,0.1236,0.1552,0.2131,0.07405,1.978,20.95,0.01288,0.03495,0.01865,0.01766,0.0156,0.005824,32.19,487.7,0.1768,0.3251,0.1395,0.1308,0.2803,0.0997
375,375,0.0988,0.1438,0.199,0.06572,0.489,14.91,0.00451,0.01812,0.01951,0.01196,0.01934,0.003696,19.14,861.5,0.1235,0.255,0.2114,0.1251,0.3153,0.0896
10,10,0.08206,0.06669,0.1528,0.05697,1.187,40.51,0.004029,0.009269,0.01101,0.007591,0.0146,0.003042,33.88,1150.0,0.1181,0.1551,0.1459,0.09975,0.2948,0.08452
61,61,0.1243,0.08963,0.1828,0.06757,2.067,18.39,0.01193,0.03162,0.03,0.009259,0.03357,0.003048,27.04,273.9,0.1639,0.1698,0.09001,0.02778,0.2972,0.07712
247,247,0.0876,0.1346,0.1596,0.06409,0.4402,16.35,0.005501,0.05592,0.08158,0.0137,0.01266,0.007555,17.7,639.1,0.1254,0.5849,0.7727,0.1561,0.2639,0.1178
302,302,0.108,0.1838,0.2249,0.07469,1.743,130.8,0.007964,0.04732,0.07649,0.01936,0.02736,0.005928,29.43,1696.0,0.1347,0.3391,0.4932,0.1923,0.3294,0.09469
377,377,0.07517,0.04726,0.1421,0.05763,1.15,14.91,0.004942,0.01203,0.007508,0.005179,0.01442,0.001684,35.63,680.6,0.1108,0.1457,0.07934,0.05781,0.2694,0.07061
522,522,0.08511,0.04413,0.1637,0.06343,1.083,9.332,0.0042,0.0059,0.003846,0.004065,0.01487,0.002295,26.43,435.9,0.1108,0.07723,0.02533,0.02832,0.2557,0.07613
468,468,0.09289,0.2004,0.1696,0.07369,1.465,104.9,0.006766,0.07025,0.06591,0.02311,0.01673,0.0113,28.87,1437.0,0.1207,0.4785,0.5165,0.1996,0.2301,0.1224
370,370,0.09742,0.1497,0.2175,0.06218,1.022,45.5,0.005635,0.03917,0.06072,0.01656,0.03197,0.004085,31.03,1165.0,0.1415,0.4665,0.7087,0.2248,0.4824,0.09614
315,315,0.08511,0.03834,0.1215,0.05673,0.7151,12.69,0.004928,0.003012,0.00262,0.00339,0.01393,0.001344,19.71,544.2,0.1104,0.04953,0.01938,0.02784,0.1917,0.06174
119,119,0.08402,0.06722,0.2129,0.05025,1.214,54.04,0.004024,0.008422,0.02291,0.009863,0.05014,0.001902,27.83,1261.0,0.1072,0.1202,0.2249,0.1185,0.4882,0.06111
518,518,0.1218,0.1661,0.1709,0.07253,1.169,34.37,0.005273,0.02329,0.01405,0.01244,0.01816,0.003299,24.37,674.7,0.1456,0.2961,0.1246,0.1096,0.2582,0.08893
227,227,0.08371,0.1096,0.1881,0.05907,0.4966,19.88,0.004119,0.03207,0.03644,0.01155,0.01391,0.003204,19.31,808.2,0.1136,0.3627,0.3402,0.1379,0.2954,0.08362
77,77,0.1065,0.2146,0.2152,0.06673,0.5505,134.8,0.00794,0.05839,0.04658,0.0207,0.02591,0.007054,18.91,1610.0,0.1478,0.5634,0.3786,0.2102,0.3751,0.1108
147,147,0.08138,0.1167,0.1744,0.06493,1.909,39.43,0.00579,0.04877,0.05303,0.01527,0.03356,0.009368,25.47,809.7,0.0997,0.2521,0.25,0.08405,0.2852,0.09218
228,228,0.07903,0.07529,0.1514,0.06019,1.066,18.51,0.005169,0.02294,0.03016,0.008691,0.01365,0.003407,31.31,624.0,0.1227,0.3454,0.3911,0.118,0.2826,0.09585
346,346,0.08386,0.05794,0.1555,0.06048,1.152,18.02,0.00718,0.01096,0.005832,0.005495,0.01982,0.002754,27.06,562.6,0.1289,0.1352,0.04506,0.05093,0.288,0.08083
357,357,0.08743,0.05492,0.1424,0.05883,1.363,20.74,0.005638,0.007939,0.005254,0.006042,0.01544,0.002087,25.58,694.4,0.1153,0.1008,0.05285,0.05556,0.2362,0.07113
549,549,0.08192,0.06602,0.1976,0.06328,1.918,33.0,0.008263,0.0187,0.01277,0.005917,0.02466,0.002977,31.45,505.6,0.1204,0.1633,0.06194,0.03264,0.3059,0.07626
298,298,0.06576,0.0522,0.1635,0.05586,0.669,20.56,0.003169,0.01377,0.01079,0.005243,0.01103,0.001957,25.26,819.7,0.09445,0.2167,0.1565,0.0753,0.2636,0.07676
255,255,0.1096,0.1279,0.1908,0.0613,0.8098,35.74,0.006351,0.02679,0.03119,0.01342,0.02062,0.002695,22.07,826.0,0.1512,0.3262,0.3209,0.1374,0.3068,0.07957
185,185,0.09267,0.04695,0.1703,0.06048,1.268,26.43,0.01439,0.012,0.001597,0.002404,0.02538,0.00347,21.18,437.0,0.1521,0.1019,0.00692,0.01042,0.2933,0.07697
483,483,0.0995,0.07957,0.1732,0.06088,0.9462,20.64,0.003245,0.008186,0.01698,0.009233,0.01285,0.001524,23.53,686.5,0.1199,0.1346,0.1742,0.09077,0.2518,0.0696
271,271,0.09834,0.07608,0.1769,0.0627,0.5293,13.17,0.006472,0.01122,0.01282,0.008849,0.01692,0.002817,16.18,457.5,0.1358,0.1507,0.1275,0.0875,0.2733,0.08022
58,58,0.0806,0.03789,0.1819,0.05501,1.214,32.96,0.007491,0.008593,0.000692,0.004167,0.0219,0.00299,22.25,624.1,0.1021,0.06191,0.001845,0.01111,0.2439,0.06289
429,429,0.07896,0.04522,0.1459,0.05544,0.8836,23.24,0.007337,0.01174,0.005383,0.005623,0.0194,0.00118,20.96,586.8,0.1068,0.09605,0.03469,0.03612,0.2165,0.06025
319,319,0.07557,0.03454,0.1472,0.05561,2.2,31.16,0.007357,0.01079,0.009959,0.0112,0.03433,0.002961,20.21,515.9,0.08409,0.04712,0.02237,0.02832,0.1901,0.05932
360,360,0.07436,0.0265,0.1528,0.05185,0.9527,28.3,0.005783,0.004693,0.0007929,0.003617,0.02043,0.001058,20.98,585.7,0.09293,0.04327,0.003581,0.01635,0.2233,0.05521
252,252,0.1062,0.1849,0.1733,0.06697,0.78,92.81,0.008482,0.05057,0.068,0.01971,0.01467,0.007259,25.59,1933.0,0.171,0.5955,0.8489,0.2507,0.2749,0.1297
226,226,0.1053,0.07722,0.1788,0.0645,0.9027,11.86,0.006513,0.008061,0.002817,0.004972,0.01502,0.002821,19.8,395.4,0.1341,0.1153,0.02639,0.04464,0.2615,0.08269
71,71,0.09783,0.1531,0.1902,0.0898,0.8522,25.44,0.01721,0.09368,0.05671,0.01766,0.02541,0.02193,15.67,284.4,0.1207,0.2436,0.1434,0.04786,0.2254,0.1084
309,309,0.08352,0.03735,0.1453,0.05518,0.8285,33.01,0.004148,0.004711,0.002831,0.004821,0.01422,0.002273,17.4,672.4,0.1016,0.05847,0.01824,0.03532,0.2107,0.0658
535,535,0.1046,0.1739,0.2127,0.06251,0.9901,87.78,0.004578,0.02616,0.04005,0.01421,0.01948,0.002689,25.48,1809.0,0.1268,0.3135,0.4433,0.2148,0.3077,0.07569
523,523,0.09916,0.107,0.1714,0.06843,1.249,26.45,0.006739,0.02251,0.02086,0.01352,0.0187,0.003747,25.63,701.9,0.1425,0.2566,0.1935,0.1284,0.2849,0.09031
110,110,0.1037,0.08404,0.1584,0.07065,1.424,22.87,0.01385,0.02932,0.02722,0.01023,0.03281,0.004638,21.47,367.0,0.1467,0.1765,0.13,0.05334,0.2533,0.08468
232,232,0.0778,0.03574,0.1845,0.05828,1.647,15.46,0.004359,0.006813,0.003223,0.003419,0.01916,0.002534,41.78,470.9,0.09994,0.06885,0.02318,0.03002,0.2911,0.07307
44,44,0.09714,0.1047,0.1746,0.06177,0.6123,14.49,0.00335,0.01384,0.01452,0.006853,0.01113,0.00172,29.89,740.7,0.1503,0.3904,0.3728,0.1607,0.3693,0.09618
392,392,0.116,0.1562,0.1929,0.06744,1.331,66.91,0.007269,0.02928,0.04972,0.01639,0.01852,0.004232,29.41,1359.0,0.1681,0.3913,0.5553,0.2121,0.3187,0.1019
268,268,0.09425,0.06219,0.201,0.05769,1.219,18.24,0.005518,0.02178,0.02589,0.00633,0.02593,0.002157,23.64,597.5,0.1256,0.1808,0.1992,0.0578,0.3604,0.07062
482,482,0.1071,0.1155,0.1779,0.06639,0.5733,12.84,0.00445,0.01452,0.01334,0.008791,0.01698,0.002787,18.32,660.2,0.1393,0.2499,0.1848,0.1335,0.3227,0.09326
487,487,0.1089,0.1448,0.1823,0.06115,1.408,67.74,0.005288,0.02833,0.04256,0.01176,0.01717,0.003211,30.39,1740.0,0.1514,0.3725,0.5936,0.206,0.3266,0.09009
414,414,0.0832,0.04605,0.1852,0.05294,1.627,45.38,0.006831,0.01427,0.02489,0.009087,0.03151,0.00175,36.91,931.4,0.1148,0.09866,0.1547,0.06575,0.3233,0.06165
513,513,0.09832,0.08918,0.1739,0.0564,0.6237,37.11,0.004953,0.01812,0.03035,0.008648,0.01539,0.002281,17.24,862.0,0.1223,0.1928,0.2492,0.09186,0.2626,0.07048
481,481,0.07991,0.05326,0.1579,0.05594,0.9264,28.41,0.003704,0.01082,0.0153,0.006275,0.01062,0.002217,26.42,830.5,0.1064,0.1415,0.1673,0.0815,0.2356,0.07603
413,413,0.08515,0.1025,0.1944,0.05913,1.336,28.51,0.004449,0.02808,0.03312,0.01196,0.01906,0.004015,31.55,867.1,0.1077,0.3345,0.3114,0.1308,0.3163,0.09251
111,111,0.09933,0.1209,0.1735,0.0707,1.803,20.48,0.01291,0.04042,0.05101,0.02295,0.02144,0.005891,25.47,527.4,0.1287,0.225,0.2216,0.1105,0.2226,0.08486
222,222,0.1061,0.08502,0.191,0.06908,1.217,15.05,0.007899,0.014,0.008534,0.007624,0.02637,0.003761,22.84,375.6,0.1406,0.144,0.06572,0.05575,0.3055,0.08797
276,276,0.09379,0.03872,0.1954,0.05821,1.28,17.09,0.008426,0.008998,0.001487,0.003333,0.02358,0.001627,18.99,458.0,0.1259,0.07348,0.004955,0.01111,0.2758,0.06386
208,208,0.1002,0.1483,0.185,0.0731,0.9223,15.09,0.005251,0.03041,0.02526,0.008304,0.02514,0.004198,29.16,639.3,0.1349,0.4402,0.3162,0.1126,0.4128,0.1076
105,105,0.1398,0.1765,0.1925,0.07692,0.9238,34.66,0.007162,0.02912,0.05473,0.01388,0.01547,0.007098,22.4,827.2,0.1862,0.4099,0.6376,0.1986,0.3147,0.1405
155,155,0.08654,0.06679,0.197,0.06228,0.9823,16.51,0.005518,0.01562,0.01994,0.007924,0.01799,0.002484,25.22,564.2,0.1217,0.1788,0.1943,0.08211,0.3113,0.08132
191,191,0.08749,0.06601,0.1694,0.06287,1.748,53.65,0.004571,0.0179,0.02176,0.01757,0.03373,0.005875,23.5,579.5,0.09388,0.08978,0.05186,0.04773,0.2179,0.06871
145,145,0.1152,0.1296,0.1995,0.07839,0.6538,25.03,0.01017,0.04741,0.02789,0.0111,0.03127,0.009423,16.51,509.6,0.1424,0.2517,0.0942,0.06042,0.2727,0.1036
540,540,0.09984,0.112,0.1818,0.06782,1.768,20.86,0.01215,0.04112,0.05553,0.01494,0.0184,0.005512,19.68,457.8,0.1345,0.2118,0.1797,0.06918,0.2329,0.08134
148,148,0.0997,0.1021,0.1724,0.06081,0.7394,21.2,0.005706,0.02297,0.03114,0.01493,0.01454,0.002528,19.85,766.9,0.1316,0.2735,0.3103,0.1599,0.2691,0.07683
334,334,0.08313,0.04202,0.1539,0.05945,1.532,13.24,0.007881,0.008432,0.007004,0.006522,0.01939,0.002222,28.46,544.3,0.1222,0.09052,0.03619,0.03983,0.2554,0.07207
75,75,0.09168,0.08424,0.1798,0.05391,1.016,79.25,0.01082,0.02203,0.035,0.01809,0.0155,0.001948,24.56,1223.0,0.15,0.2045,0.2829,0.152,0.265,0.06387
373,373,0.09446,0.1076,0.1571,0.05478,0.6575,77.02,0.006211,0.01895,0.02681,0.01232,0.01276,0.001711,23.17,1946.0,0.1562,0.3055,0.4159,0.2112,0.2689,0.07055
277,277,0.08923,0.05884,0.155,0.04996,0.828,36.74,0.007571,0.01114,0.02623,0.01463,0.0193,0.001676,24.3,1236.0,0.1243,0.116,0.221,0.1294,0.2567,0.05737
494,494,0.07335,0.05275,0.1713,0.05888,1.473,26.07,0.007802,0.02052,0.01341,0.005564,0.02086,0.002701,28.46,648.3,0.1118,0.1646,0.07698,0.04195,0.2687,0.07429
129,129,0.1015,0.1589,0.2202,0.06113,1.199,63.33,0.005033,0.03179,0.04755,0.01043,0.01578,0.003224,33.58,1589.0,0.1275,0.3861,0.5673,0.1732,0.3305,0.08465
165,165,0.08421,0.05352,0.1515,0.05266,1.065,16.64,0.003634,0.007983,0.008268,0.006432,0.01924,0.00152,25.82,782.1,0.1045,0.09995,0.0775,0.05754,0.2646,0.06085
422,422,0.1088,0.1168,0.1886,0.0632,0.7339,15.89,0.005884,0.02005,0.02631,0.01304,0.01848,0.001982,19.67,475.7,0.1415,0.217,0.2302,0.1105,0.2787,0.07427
136,136,0.1051,0.06095,0.1339,0.05945,2.508,34.37,0.006578,0.0138,0.02662,0.01307,0.01359,0.003707,25.48,546.7,0.1271,0.1028,0.1046,0.06968,0.1712,0.07343
545,545,0.09246,0.06747,0.1664,0.05801,1.336,31.24,0.005868,0.02099,0.02021,0.009064,0.02087,0.002583,29.09,729.8,0.1216,0.1517,0.1049,0.07174,0.2642,0.06953
475,475,0.0904,0.08269,0.1705,0.05913,0.4875,11.64,0.004873,0.01796,0.03318,0.00836,0.01601,0.002289,19.35,605.8,0.1326,0.261,0.3476,0.09783,0.3006,0.07802
282,282,0.1037,0.1442,0.1893,0.05892,0.9951,53.16,0.005654,0.02199,0.03059,0.01499,0.01623,0.001965,28.65,1628.0,0.1518,0.3749,0.4316,0.2252,0.359,0.07787
153,153,0.09754,0.05113,0.183,0.06105,0.7815,15.48,0.009019,0.008985,0.01196,0.008232,0.02388,0.001619,16.3,440.8,0.1341,0.08971,0.07116,0.05506,0.2859,0.06772
278,278,0.07948,0.04052,0.1573,0.0552,1.166,22.22,0.003741,0.005274,0.01065,0.005044,0.01344,0.001126,26.1,739.1,0.105,0.07622,0.106,0.05185,0.2335,0.06263
485,485,0.09514,0.1511,0.2082,0.07325,1.207,30.19,0.007234,0.07471,0.1114,0.02721,0.03232,0.009627,21.03,580.6,0.1175,0.4061,0.4896,0.1342,0.3231,0.1034
441,441,0.08331,0.1109,0.1467,0.05407,1.679,58.38,0.008109,0.04308,0.04942,0.01742,0.01594,0.003739,35.46,1284.0,0.1436,0.4122,0.5036,0.1739,0.25,0.07944
87,87,0.09029,0.1206,0.1953,0.05629,0.6636,57.65,0.003872,0.01842,0.0371,0.012,0.01964,0.003337,30.41,1623.0,0.1249,0.3206,0.5755,0.1956,0.3956,0.09288
313,313,0.08597,0.05969,0.1833,0.061,0.3602,9.438,0.004124,0.0134,0.01003,0.004667,0.02032,0.001952,12.87,467.8,0.1092,0.1626,0.08324,0.04715,0.339,0.07434
478,478,0.1046,0.08228,0.1779,0.06574,1.166,14.34,0.004957,0.02114,0.04156,0.008038,0.01843,0.003614,21.9,467.6,0.1352,0.201,0.2596,0.07431,0.2941,0.0918
73,73,0.1007,0.128,0.1662,0.06566,0.6205,23.35,0.004717,0.02065,0.01759,0.009206,0.0122,0.00313,20.86,812.4,0.1411,0.3542,0.2779,0.1383,0.2589,0.103
550,550,0.07431,0.04227,0.1661,0.05948,1.304,20.67,0.009579,0.01104,0.0,0.0,0.03004,0.002228,24.77,412.3,0.1001,0.07348,0.0,0.0,0.2458,0.06592
407,407,0.07551,0.08316,0.158,0.06114,1.798,41.24,0.006011,0.0448,0.05175,0.01341,0.02669,0.007731,27.01,645.8,0.09402,0.1936,0.1838,0.05601,0.2488,0.08151
289,289,0.08713,0.05008,0.2013,0.05955,1.974,17.49,0.006538,0.01395,0.01376,0.009924,0.03416,0.002928,26.14,459.3,0.1118,0.09708,0.07529,0.06203,0.3267,0.06994
417,417,0.112,0.1571,0.2085,0.06864,1.213,176.5,0.008198,0.03889,0.04493,0.02139,0.02018,0.005815,27.65,1748.0,0.1517,0.4002,0.4211,0.2134,0.3003,0.1048
253,253,0.1008,0.1041,0.1813,0.05613,0.8568,33.63,0.004757,0.01503,0.02332,0.01262,0.01394,0.002362,25.09,1222.0,0.1416,0.2405,0.3378,0.1857,0.3138,0.08113
411,411,0.1077,0.07804,0.1714,0.0634,1.387,13.54,0.005158,0.009355,0.01056,0.007483,0.01718,0.002198,26.44,471.4,0.1369,0.1482,0.1067,0.07431,0.2998,0.07881
124,124,0.07115,0.07325,0.1422,0.05823,1.14,14.66,0.005919,0.0327,0.04957,0.01038,0.01208,0.004076,22.75,632.1,0.1025,0.2531,0.3308,0.08978,0.2048,0.07628
559,559,0.09261,0.1021,0.1388,0.0657,2.904,16.97,0.0082,0.02982,0.05738,0.01267,0.01488,0.004738,37.16,474.2,0.1298,0.2517,0.363,0.09653,0.2112,0.08732
536,536,0.1038,0.1154,0.1926,0.05982,1.851,18.54,0.006113,0.02583,0.04645,0.01276,0.01451,0.003756,34.27,728.3,0.138,0.2733,0.4234,0.1362,0.2698,0.08351
51,51,0.07685,0.06059,0.1353,0.05953,0.9234,14.55,0.004477,0.01177,0.01079,0.007956,0.01325,0.002551,23.19,656.7,0.1089,0.1582,0.105,0.08586,0.2346,0.08025
188,188,0.1007,0.05562,0.1718,0.0578,1.926,14.47,0.007831,0.008776,0.01556,0.00624,0.03139,0.001988,26.48,489.5,0.1356,0.1,0.08803,0.04306,0.32,0.06576
20,20,0.1075,0.127,0.1967,0.06811,0.7477,14.67,0.004097,0.01898,0.01698,0.00649,0.01678,0.002425,20.49,630.5,0.1312,0.2776,0.189,0.07283,0.3184,0.08183
476,476,0.08931,0.1108,0.1506,0.06009,1.018,31.01,0.004107,0.03288,0.02821,0.0135,0.0161,0.002744,27.26,828.5,0.1153,0.3429,0.2512,0.1339,0.2534,0.07858
321,321,0.0802,0.08564,0.1928,0.05096,0.6863,74.85,0.004536,0.01376,0.02645,0.01247,0.02193,0.001589,23.03,1657.0,0.1054,0.1537,0.2606,0.1425,0.3055,0.05933
163,163,0.1012,0.1015,0.1551,0.06761,1.656,21.55,0.01134,0.03175,0.03125,0.01135,0.01879,0.005348,28.68,553.0,0.1452,0.2338,0.1688,0.08194,0.2268,0.09082
90,90,0.08974,0.08606,0.1685,0.05866,1.111,33.76,0.004868,0.01818,0.01121,0.008606,0.02085,0.002893,29.11,803.7,0.1115,0.1766,0.09189,0.06946,0.2522,0.07246
551,551,0.09566,0.08194,0.203,0.06552,1.467,17.85,0.003495,0.03051,0.03445,0.01024,0.02912,0.004723,28.26,436.6,0.1087,0.1782,0.1564,0.06413,0.3169,0.08032
408,408,0.1036,0.1304,0.1992,0.06069,0.8733,49.81,0.007231,0.02772,0.02509,0.0148,0.01414,0.003336,25.41,1349.0,0.1482,0.3735,0.3301,0.1974,0.306,0.08503
556,556,0.1003,0.07504,0.1791,0.06331,2.09,16.8,0.01291,0.02222,0.004174,0.007082,0.02572,0.002278,22.88,347.3,0.1265,0.12,0.01005,0.02232,0.2262,0.06742
187,187,0.09774,0.06141,0.1516,0.06095,0.7655,17.86,0.006905,0.008704,0.01978,0.01185,0.01897,0.001671,21.39,521.5,0.1323,0.104,0.1521,0.1099,0.2572,0.07097
86,86,0.09444,0.09947,0.2075,0.05636,2.22,38.87,0.009369,0.02983,0.05371,0.01761,0.02418,0.003249,29.25,808.9,0.1306,0.1976,0.3349,0.1225,0.302,0.06846
88,88,0.08772,0.09445,0.193,0.06404,1.502,20.95,0.007112,0.02493,0.02703,0.01293,0.01958,0.004463,30.5,574.7,0.1304,0.2463,0.2434,0.1205,0.2972,0.09261
421,421,0.1031,0.1836,0.2086,0.07406,1.511,49.45,0.009976,0.05244,0.05278,0.0158,0.02653,0.005444,18.34,809.2,0.1312,0.3635,0.3219,0.1108,0.2827,0.09208
381,381,0.07987,0.07079,0.2003,0.06246,1.031,11.68,0.005296,0.01903,0.01723,0.00696,0.0188,0.001941,20.83,447.1,0.1095,0.1982,0.1553,0.06754,0.3202,0.07287
338,338,0.1007,0.07326,0.189,0.06331,2.015,16.85,0.007803,0.01449,0.0169,0.008043,0.021,0.002778,26.84,384.0,0.1402,0.1402,0.1055,0.06499,0.2894,0.07664
427,427,0.08801,0.05743,0.2016,0.05977,1.621,20.2,0.006543,0.02148,0.02991,0.01045,0.01844,0.00269,32.04,489.5,0.1303,0.1696,0.1927,0.07485,0.2965,0.07662
264,264,0.09726,0.08995,0.1867,0.0558,0.7383,45.42,0.004493,0.01206,0.02048,0.009875,0.01144,0.001575,29.33,1436.0,0.1558,0.2567,0.3889,0.1984,0.3216,0.0757
140,140,0.0925,0.04102,0.1903,0.06422,0.496,12.26,0.00604,0.005656,0.0,0.0,0.02277,0.00322,14.1,342.9,0.1234,0.07204,0.0,0.0,0.3105,0.08151
152,152,0.1072,0.1599,0.2548,0.09296,2.664,49.85,0.01097,0.09586,0.396,0.05279,0.03546,0.02984,19.49,380.5,0.1292,0.2772,0.8216,0.1571,0.3108,0.1259
115,115,0.09768,0.07849,0.1688,0.06194,0.9227,24.79,0.007803,0.02507,0.01835,0.007711,0.01278,0.003856,26.15,583.0,0.15,0.2399,0.1503,0.07247,0.2438,0.08541
212,212,0.1142,0.1516,0.1648,0.05525,1.476,525.6,0.01345,0.02772,0.06389,0.01407,0.04783,0.004476,18.47,2499.0,0.1142,0.1516,0.3201,0.1595,0.1648,0.05525
420,420,0.08546,0.07722,0.2031,0.06267,1.44,20.3,0.007278,0.02047,0.04447,0.008799,0.01868,0.003339,26.98,520.5,0.1249,0.1937,0.256,0.06664,0.3035,0.08284
351,351,0.1243,0.2364,0.2375,0.07603,1.324,51.22,0.009329,0.06559,0.09953,0.02283,0.05543,0.00733,24.17,915.3,0.155,0.5046,0.6872,0.2135,0.4245,0.105
348,348,0.09076,0.05886,0.1634,0.06372,0.7615,12.25,0.009191,0.008548,0.0094,0.006315,0.01755,0.003009,20.79,475.8,0.1531,0.112,0.09823,0.06548,0.2851,0.08763
546,546,0.09434,0.04994,0.1885,0.06201,0.967,12.97,0.007086,0.007247,0.01012,0.005495,0.0156,0.002606,21.77,384.9,0.1285,0.08842,0.04384,0.02381,0.2681,0.07399
344,344,0.115,0.07281,0.2009,0.06506,0.7395,24.53,0.009536,0.01097,0.01651,0.01121,0.01953,0.0031,18.16,516.4,0.146,0.1115,0.1087,0.07864,0.2765,0.07806
170,170,0.1028,0.06981,0.1959,0.05955,0.6656,17.43,0.008045,0.0118,0.01683,0.01241,0.01924,0.002248,15.64,549.1,0.1385,0.1266,0.1242,0.09391,0.2827,0.06771
158,158,0.09311,0.05241,0.159,0.05907,0.7285,13.25,0.005528,0.009789,0.008342,0.006273,0.01465,0.00253,18.41,532.8,0.1275,0.1232,0.08636,0.07025,0.2514,0.07898
281,281,0.07813,0.0434,0.2101,0.06113,1.268,37.83,0.008034,0.01442,0.01514,0.01846,0.02921,0.002005,18.26,533.7,0.1036,0.085,0.06735,0.0829,0.3101,0.06688
52,52,0.08261,0.04751,0.1868,0.0611,0.6329,17.47,0.00721,0.00838,0.01311,0.008,0.01996,0.002635,21.33,527.2,0.1144,0.08906,0.09203,0.06296,0.2785,0.07408
296,296,0.08518,0.04721,0.1449,0.06031,1.027,11.09,0.003478,0.01221,0.01072,0.009393,0.02941,0.003428,14.82,392.2,0.09312,0.07506,0.02884,0.03194,0.2143,0.06643
547,547,0.08877,0.08066,0.1669,0.06714,1.023,7.326,0.01027,0.03084,0.02613,0.01097,0.02277,0.00589,22.04,357.4,0.1461,0.2246,0.1783,0.08333,0.2691,0.09479
132,132,0.1008,0.1284,0.216,0.05891,1.265,43.68,0.004877,0.01952,0.02219,0.009231,0.01535,0.002373,31.68,1175.0,0.1395,0.3055,0.2992,0.1312,0.348,0.07619
469,469,0.1175,0.1483,0.1957,0.07255,1.74,27.85,0.01459,0.03206,0.04961,0.01841,0.01807,0.005217,25.4,528.1,0.178,0.2878,0.3186,0.1416,0.266,0.0927
541,541,0.08837,0.123,0.1872,0.06341,1.079,23.11,0.007138,0.04653,0.03829,0.01162,0.02068,0.006111,31.73,808.9,0.134,0.4202,0.404,0.1205,0.3187,0.1023
113,113,0.1122,0.1303,0.1922,0.07782,1.86,19.91,0.01188,0.03747,0.04591,0.01544,0.02287,0.006792,22.75,374.4,0.13,0.2049,0.1295,0.06136,0.2383,0.09026
531,531,0.1016,0.09453,0.1859,0.06461,0.8745,15.34,0.005251,0.01727,0.0184,0.005298,0.01449,0.002671,28.81,550.6,0.155,0.2964,0.2758,0.0812,0.3206,0.0895
219,219,0.0842,0.113,0.1428,0.05313,1.321,109.9,0.005539,0.02644,0.02664,0.01078,0.01332,0.002256,45.41,2477.0,0.1408,0.4097,0.3995,0.1625,0.2713,0.07568
300,300,0.115,0.1642,0.1792,0.06552,1.161,133.0,0.006056,0.03203,0.05638,0.01733,0.01884,0.004787,26.24,2053.0,0.1495,0.4116,0.6121,0.198,0.2968,0.09929
350,350,0.07561,0.0363,0.1671,0.05731,0.6724,26.03,0.006583,0.006991,0.005949,0.006296,0.02216,0.002668,19.74,542.5,0.09958,0.06476,0.03046,0.04262,0.2731,0.06825
512,512,0.1106,0.1469,0.2116,0.07325,0.9306,33.67,0.005414,0.02265,0.03452,0.01334,0.01705,0.004005,29.66,844.4,0.1574,0.3856,0.5106,0.2051,0.3585,0.1109
25,25,0.1186,0.2276,0.304,0.07413,0.976,111.4,0.008029,0.03799,0.03732,0.02397,0.02308,0.007444,21.4,1461.0,0.1545,0.3949,0.3853,0.255,0.4066,0.1059
246,246,0.07215,0.04524,0.1487,0.05635,1.601,13.56,0.006261,0.01569,0.03079,0.005383,0.01962,0.00225,27.82,602.0,0.1101,0.1508,0.2298,0.0497,0.2767,0.07198
369,369,0.1063,0.1954,0.1824,0.0614,0.6999,130.2,0.003978,0.02821,0.03576,0.01471,0.01518,0.003796,25.8,2227.0,0.1294,0.3885,0.4756,0.2432,0.2741,0.08574
364,364,0.07937,0.05696,0.165,0.05701,0.6124,13.22,0.004394,0.0125,0.01451,0.005484,0.01291,0.002074,21.7,663.5,0.1213,0.1676,0.1364,0.06987,0.2741,0.07582
172,172,0.1257,0.1555,0.1966,0.07069,0.6583,44.64,0.005393,0.02321,0.04303,0.0132,0.01792,0.004168,17.04,1102.0,0.1531,0.3583,0.583,0.1827,0.3216,0.101
287,287,0.06955,0.03729,0.1337,0.05581,0.469,12.68,0.004731,0.01345,0.01652,0.005905,0.01619,0.002081,15.54,577.0,0.09616,0.1147,0.1186,0.05366,0.2309,0.06915
37,37,0.08983,0.03766,0.1467,0.05863,2.342,14.16,0.004352,0.004899,0.01343,0.01164,0.02671,0.001777,22.81,545.9,0.09701,0.04619,0.04833,0.05013,0.1987,0.06169
173,173,0.1006,0.05743,0.1566,0.06669,1.805,19.08,0.01496,0.02121,0.01453,0.01583,0.03082,0.004785,16.82,396.5,0.1216,0.0824,0.03938,0.04306,0.1902,0.07313
0,0,0.1184,0.2776,0.2419,0.07871,0.9053,153.4,0.006399,0.04904,0.05373,0.01587,0.03003,0.006193,17.33,2019.0,0.1622,0.6656,0.7119,0.2654,0.4601,0.1189
479,479,0.1026,0.1893,0.2151,0.06578,0.9857,33.12,0.009197,0.0547,0.08079,0.02215,0.02773,0.006355,23.05,939.7,0.1377,0.4462,0.5897,0.1775,0.3318,0.09136
235,235,0.0907,0.06945,0.1517,0.05835,1.503,22.07,0.007389,0.01383,0.007302,0.01004,0.01263,0.002925,30.28,715.5,0.1287,0.1513,0.06231,0.07963,0.2226,0.07617
412,412,0.07969,0.06053,0.1274,0.06724,1.182,6.802,0.005515,0.02674,0.03735,0.005128,0.01951,0.004583,27.99,301.0,0.1086,0.1887,0.1868,0.02564,0.2376,0.09206
149,149,0.07944,0.06376,0.1473,0.0558,0.7574,21.47,0.002838,0.01592,0.0178,0.005828,0.01329,0.001976,22.46,725.9,0.09711,0.1824,0.1564,0.06019,0.235,0.07014
195,195,0.07941,0.05366,0.1829,0.05667,0.9086,15.75,0.005298,0.01587,0.02321,0.00842,0.01853,0.002152,22.0,600.6,0.1097,0.1506,0.1764,0.08235,0.3024,0.06949
553,553,0.0924,0.05605,0.1692,0.06576,1.879,17.86,0.01094,0.01834,0.03996,0.01282,0.03759,0.004623,25.05,295.8,0.1103,0.08298,0.07993,0.02564,0.2435,0.07393
484,484,0.1043,0.1299,0.1784,0.06259,0.3871,13.87,0.006034,0.0182,0.03336,0.01067,0.01175,0.002256,14.2,854.3,0.1541,0.2979,0.4004,0.1452,0.2557,0.08181
103,103,0.1005,0.09697,0.1945,0.06322,1.222,11.77,0.009058,0.02196,0.03029,0.01112,0.01609,0.00357,26.83,361.2,0.1559,0.2302,0.2644,0.09749,0.2622,0.0849
514,514,0.09215,0.08597,0.1561,0.05915,1.198,38.49,0.004952,0.0163,0.02967,0.009423,0.01152,0.001718,28.06,967.0,0.1246,0.2101,0.2866,0.112,0.2282,0.06954
233,233,0.09159,0.1074,0.1448,0.05592,1.189,70.01,0.00502,0.02062,0.03457,0.01091,0.01298,0.002887,37.38,1872.0,0.1223,0.2761,0.4146,0.1563,0.2437,0.08328
133,133,0.09462,0.09462,0.1816,0.05723,0.8155,27.94,0.005217,0.01515,0.01678,0.01268,0.01669,0.00233,19.25,922.8,0.1223,0.1949,0.1709,0.1374,0.2723,0.07071
215,215,0.1026,0.1517,0.2106,0.06916,1.194,22.69,0.00596,0.03438,0.03909,0.01435,0.01939,0.00456,26.93,750.1,0.146,0.437,0.4636,0.1654,0.363,0.1059
267,267,0.07956,0.08259,0.1635,0.05859,1.916,26.76,0.005436,0.02406,0.03099,0.009919,0.0203,0.003009,30.04,661.5,0.1005,0.173,0.1453,0.06189,0.2446,0.07024
143,143,0.08677,0.09509,0.1778,0.06235,0.7712,16.64,0.005324,0.01563,0.0151,0.007584,0.02104,0.001887,21.82,643.8,0.1312,0.2548,0.209,0.1012,0.3549,0.08118
307,307,0.07005,0.03116,0.1788,0.06833,1.305,9.789,0.007389,0.004883,0.003681,0.003472,0.02701,0.002153,20.07,285.5,0.09861,0.05232,0.01472,0.01389,0.2991,0.07804
200,200,0.09586,0.08087,0.1979,0.06013,1.326,27.24,0.007514,0.01779,0.01401,0.0114,0.01503,0.003338,28.36,638.4,0.1429,0.2042,0.1377,0.108,0.2668,0.08174
89,89,0.1132,0.1339,0.2116,0.06346,0.7372,42.76,0.005508,0.04412,0.04436,0.01623,0.02427,0.004841,18.24,803.6,0.1277,0.3089,0.2604,0.1397,0.3151,0.08473
273,273,0.09037,0.04689,0.2081,0.06312,1.409,16.39,0.0138,0.01067,0.008347,0.009472,0.01798,0.004261,20.88,355.2,0.1467,0.0937,0.04043,0.05159,0.2841,0.08175
262,262,0.08999,0.1273,0.2108,0.05464,1.633,90.94,0.006717,0.05981,0.04638,0.02149,0.02747,0.005838,27.24,1295.0,0.1134,0.2867,0.2298,0.1528,0.3067,0.07484
451,451,0.1032,0.09871,0.1663,0.05391,1.375,56.18,0.0119,0.01929,0.04907,0.01499,0.01641,0.001807,30.96,1421.0,0.1528,0.1845,0.3977,0.1466,0.2293,0.06091
141,141,0.09721,0.1137,0.1861,0.06248,1.332,74.08,0.00677,0.01938,0.03067,0.01167,0.01875,0.003434,25.27,1233.0,0.1314,0.2236,0.2802,0.1216,0.2792,0.08158
409,409,0.08685,0.06526,0.1966,0.05597,1.781,25.79,0.005888,0.0231,0.02059,0.01075,0.02578,0.002267,28.88,610.2,0.124,0.1795,0.1377,0.09532,0.3455,0.06896
249,249,0.1013,0.07808,0.1883,0.06168,1.038,18.62,0.006662,0.01228,0.02105,0.01006,0.01677,0.002784,21.19,491.8,0.1389,0.1582,0.1804,0.09608,0.2664,0.07809
26,26,0.1054,0.1868,0.2252,0.06924,0.9832,21.05,0.004452,0.03055,0.02681,0.01352,0.01454,0.003711,33.21,896.9,0.1525,0.6643,0.5539,0.2701,0.4264,0.1275
288,288,0.0802,0.1181,0.2595,0.06233,1.905,34.68,0.01574,0.08262,0.08099,0.03487,0.03418,0.006517,22.33,437.6,0.1028,0.1843,0.1546,0.09314,0.2955,0.07009
13,13,0.08401,0.1002,0.1847,0.05338,1.078,36.58,0.009769,0.03126,0.05051,0.01992,0.02981,0.003002,27.66,876.5,0.1131,0.1924,0.2322,0.1119,0.2809,0.06287
